<?xml version="1.0" encoding="UTF-8"?>
<!DOCTYPE hibernate-mapping PUBLIC 
    "-//Hibernate/Hibernate Mapping DTD 3.0//EN"
    "http://www.hibernate.org/dtd/hibernate-mapping-3.0.dtd">
<hibernate-mapping package="cn.itheima.domain" >
	<class name="LinkMan" table="cst_linkman" >
		<id name="lkm_id"  >
			<generator class="native"></generator>
		</id>
		<property name="lkm_gender"  ></property>
		<property name="lkm_name"  ></property>
		<property name="lkm_phone"  ></property>
		<property name="lkm_email"  ></property>
		<property name="lkm_qq"  ></property>
		<property name="lkm_mobile"  ></property>
		<property name="lkm_memo"  ></property>
		<property name="lkm_position"  ></property>
		<!-- 多对一 -->
		<!-- 
			name属性:引用属性名
			column属性: 外键列名
			class属性: 与我关联的对象完整类名
		 -->
		  <!-- 
		 	级联操作:	cascade
		 		save-update: 级联保存更新
		 		delete:级联删除
		 		all:save-update+delete
		 	级联操作: 简化操作.目的就是为了少些两行代码.
		  -->
		  <!-- 多的一方: 不能放弃维护关系的.外键字段就在多的一方.  -->
		<many-to-one name="customer" column="lkm_cust_id" class="Customer"  >
		</many-to-one>
	</class>
</hibernate-mapping>